[
    {
        "model": "api.role",
        "pk": 1,
        "fields": {
            "description": "Unauthorized"
        }
    },
    {
        "model": "api.role",
        "pk": 2,
        "fields": {
            "description": "Client"
        }
    },
    {
        "model": "api.role",
        "pk": 3,
        "fields": {
            "description": "Coach"
        }
    },
    {
        "model": "api.role",
        "pk": 4,
        "fields": {
            "description": "Admin"
        }
    },
    {
        "model": "api.exercisetype",
        "pk": 1,
        "fields": {
            "type": "Back"
        }
    },
    {
        "model": "api.exercisetype",
        "pk": 2,
        "fields": {
            "type": "Chest"
        }
    },
    {
        "model": "api.exercisetype",
        "pk": 3,
        "fields": {
            "type": "Biceps"
        }
    },
    {
        "model": "api.exercisetype",
        "pk": 4,
        "fields": {
            "type": "Triceps"
        }
    },
    {
        "model": "api.exercisetype",
        "pk": 5,
        "fields": {
            "type": "Abs"
        }
    },
    {
        "model": "api.exercisetype",
        "pk": 6,
        "fields": {
            "type": "Legs"
        }
    },
    {
        "model": "api.exercisetype",
        "pk": 7,
        "fields": {
            "type": "Shoulders"
        }
    },
    {
        "model": "api.exercisetype",
        "pk": 8,
        "fields": {
            "type": "Cardio"
        }
    },
    {
        "model": "api.exercisetype",
        "pk": 9,
        "fields": {
            "type": "Forearms"
        }
    },
    {
        "model": "api.exercisetype",
        "pk": 10,
        "fields": {
            "type": "Glutes"
        }
    },
    {
        "model": "api.exercisetype",
        "pk": 11,
        "fields": {
            "type": "Calves"
        }
    },
    {
        "model": "api.exercisetype",
        "pk": 12,
        "fields": {
            "type": "Other"
        }
    },
    {
        "model": "api.exercise",
        "pk": 1,
        "fields": {
            "name": "Running",
            "type": 8
        }
    },
    {
        "model": "api.exercise",
        "pk": 2,
        "fields": {
            "name": "Spinning",
            "type": 8
        }
    },
    {
        "model": "api.exercise",
        "pk": 3,
        "fields": {
            "name": "Sit ups",
            "type": 5
        }
    },
    {
        "model": "api.exercise",
        "pk": 4,
        "fields": {
            "name": "Bicep curls",
            "type": 3
        }
    },
    {
        "model": "api.exercise",
        "pk": 5,
        "fields": {
            "name": "Push press",
            "type": 7
        }
    },
    {
        "model": "api.exercise",
        "pk": 6,
        "fields": {
            "name": "Hammer Curls",
            "type": 3
        }
    },
    {
        "model": "api.exercise",
        "pk": 7,
        "fields": {
            "name": "Cable Curls",
            "type": 3
        }
    },
    {
        "model": "api.exercise",
        "pk": 8,
        "fields": {
            "name": "Wrist Curls",
            "type": 9
        }
    },
    {
        "model": "api.exercise",
        "pk": 9,
        "fields": {
            "name": "Squats",
            "type": 6
        }
    },
    {
        "model": "api.exercise",
        "pk": 10,
        "fields": {
            "name": "One Legged Squats",
            "type": 6
        }
    },
    {
        "model": "api.exercise",
        "pk": 11,
        "fields": {
            "name": "Incline Crunches",
            "type": 5
        }
    },
    {
        "model": "api.exercise",
        "pk": 12,
        "fields": {
            "name": "Skullcrushers",
            "type": 4
        }
    },
    {
        "model": "api.exercise",
        "pk": 13,
        "fields": {
            "name": "Tricep extensions",
            "type": 4
        }
    },
    {
        "model": "api.exercise",
        "pk": 14,
        "fields": {
            "name": "Super Crunches",
            "type": 5
        }
    },
    {
        "model": "api.exercise",
        "pk": 15,
        "fields": {
            "name": "Barbell Bench Press",
            "type": 2
        }
    },
    {
        "model": "api.exercise",
        "pk": 16,
        "fields": {
            "name": "Fibonacci cruches",
            "type": 5
        }
    },
    {
        "model": "api.exercise",
        "pk": 17,
        "fields": {
            "name": "Dijkstras curls",
            "type": 3
        }
    },
    {
        "model": "api.exercise",
        "pk": 18,
        "fields": {
            "name": "Curlier bicep curl",
            "type": 3
        }
    },
    {
        "model": "api.exercise",
        "pk": 19,
        "fields": {
            "name": "Calf raiseee",
            "type": 3
        }
    },
    {
        "model": "api.exercise",
        "pk": 20,
        "fields": {
            "name": "Federicos quantum crunch",
            "type": 12
        }
    },
    {
        "model": "api.exercise",
        "pk": 21,
        "fields": {
            "name": "One legged calf raise",
            "type": 11
        }
    },
    {
        "model": "api.exercise",
        "pk": 22,
        "fields": {
            "name": "Barbell calf raise",
            "type": 11
        }
    },
    {
        "model": "api.exercise",
        "pk": 23,
        "fields": {
            "name": "T-bar Row",
            "type": 1
        }
    },
    {
        "model": "api.exercise",
        "pk": 24,
        "fields": {
            "name": "Pulldowns",
            "type": 1
        }
    },
    {
        "model": "api.exercise",
        "pk": 25,
        "fields": {
            "name": "Pull-up",
            "type": 1
        }
    },
    {
        "model": "api.exercise",
        "pk": 26,
        "fields": {
            "name": "Hamstring curl",
            "type": 10
        }
    },
    {
        "model": "api.exercise",
        "pk": 27,
        "fields": {
            "name": "Dumbbell Bench Press",
            "type": 2
        }
    },
    {
        "model": "api.exercise",
        "pk": 28,
        "fields": {
            "name": "Machine Row",
            "type": 8
        }
    },
    {
        "model": "api.exercise",
        "pk": 29,
        "fields": {
            "name": "Inverse backwards row",
            "type": 12
        }
    },
    {
        "model": "api.workout",
        "pk": 1,
        "fields": {
            "name": "Cardio lovers 2000",
            "description": "Cardio forever because you love it",
            "active": true,
            "shared": true,
            "consistsOf": [
                1,
                3,
                4
            ]
        }
    },
    {
        "model": "api.workout",
        "pk": 2,
        "fields": {
            "name": "Friday Disco",
            "description": "Biceps only, actually.",
            "active": true,
            "shared": true,
            "consistsOf": [
                2,
                4
            ]
        }
    },
    {
        "model": "api.workout",
        "pk": 3,
        "fields": {
            "name": "Friday Disco Private",
            "description": "Biceps only, actually.",
            "active": true,
            "shared": false,
            "consistsOf": [
                2,
                4
            ]
        }
    },
    {
        "model": "api.workout",
        "pk": 17,
        "fields": {
            "name": "Bicep Day",
            "description": "Curls!",
            "active": false,
            "shared": true,
            "consistsOf": [
                4,
                6
            ]
        }
    },
    {
        "model": "api.workout",
        "pk": 18,
        "fields": {
            "name": "Shoulder Day",
            "description": "Push!",
            "active": false,
            "shared": true,
            "consistsOf": [
                2,
                5
            ]
        }
    },
    {
        "model": "api.workout",
        "pk": 19,
        "fields": {
            "name": "Cardio Madness",
            "description": "Run!",
            "active": false,
            "shared": true,
            "consistsOf": [
                1,
                2
            ]
        }
    },
    {
        "model": "api.workout",
        "pk": 20,
        "fields": {
            "name": "Full body",
            "description": "Yeaah",
            "active": false,
            "shared": true,
            "consistsOf": [
                1,
                2,
                3,
                4,
                5,
                9,
                11,
                12
            ]
        }
    },
    {
        "model": "api.workout",
        "pk": 21,
        "fields": {
            "name": "Full body",
            "description": "Yeaah",
            "active": false,
            "shared": true,
            "consistsOf": [
                1,
                2,
                3,
                4,
                5,
                9,
                11,
                12
            ]
        }
    },
    {
        "model": "api.workout",
        "pk": 22,
        "fields": {
            "name": "Full body",
            "description": "Yeaah",
            "active": false,
            "shared": true,
            "consistsOf": [
                1,
                2,
                3,
                4,
                5,
                9,
                11,
                12
            ]
        }
    },
    {
        "model": "api.workout",
        "pk": 23,
        "fields": {
            "name": "test",
            "description": "test",
            "active": false,
            "shared": true,
            "consistsOf": [
                4,
                6,
                7,
                9
            ]
        }
    },
    {
        "model": "api.workout",
        "pk": 24,
        "fields": {
            "name": "Full body",
            "description": "Yeaah",
            "active": false,
            "shared": true,
            "consistsOf": [
                1,
                2,
                3,
                4,
                5,
                9,
                10,
                11
            ]
        }
    },
    {
        "model": "api.workout",
        "pk": 25,
        "fields": {
            "name": "Full body",
            "description": "Yeaah",
            "active": true,
            "shared": true,
            "consistsOf": [
                1,
                2,
                3,
                4,
                5,
                9,
                10,
                11,
                12
            ]
        }
    },
    {
        "model": "api.workout",
        "pk": 26,
        "fields": {
            "name": "Cardio Madness",
            "description": "Run!",
            "active": false,
            "shared": true,
            "consistsOf": [
                1,
                2,
                9
            ]
        }
    },
    {
        "model": "api.workout",
        "pk": 27,
        "fields": {
            "name": "Workout 1",
            "description": "123",
            "active": false,
            "shared": true,
            "consistsOf": [
                6,
                9,
                10,
                14
            ]
        }
    },
    {
        "model": "api.workout",
        "pk": 28,
        "fields": {
            "name": "Workout 1",
            "description": "123",
            "active": false,
            "shared": true,
            "consistsOf": [
                6,
                9,
                10,
                14
            ]
        }
    },
    {
        "model": "api.workout",
        "pk": 29,
        "fields": {
            "name": "Workout 1",
            "description": "123",
            "active": false,
            "shared": true,
            "consistsOf": [
                6,
                8,
                9,
                10,
                14
            ]
        }
    },
    {
        "model": "api.workout",
        "pk": 30,
        "fields": {
            "name": "Workout 1",
            "description": "123",
            "active": false,
            "shared": true,
            "consistsOf": [
                6,
                8,
                9,
                10,
                14
            ]
        }
    },
    {
        "model": "api.workout",
        "pk": 31,
        "fields": {
            "name": "Killer Arms",
            "description": "Curls 4 da gurls",
            "active": false,
            "shared": true,
            "consistsOf": [
                4,
                6,
                7,
                9,
                10
            ]
        }
    },
    {
        "model": "api.workout",
        "pk": 32,
        "fields": {
            "name": "Killer Arms",
            "description": "Curls 4 da gurls",
            "active": false,
            "shared": true,
            "consistsOf": [
                4,
                6,
                7,
                10,
                13
            ]
        }
    },
    {
        "model": "api.workout",
        "pk": 33,
        "fields": {
            "name": "Killer Arms",
            "description": "Curls 4 da gurls",
            "active": false,
            "shared": true,
            "consistsOf": [
                4,
                6,
                7,
                10,
                13
            ]
        }
    },
    {
        "model": "api.workout",
        "pk": 34,
        "fields": {
            "name": "Killer Arms",
            "description": "Curls 4 da gurls",
            "active": false,
            "shared": true,
            "consistsOf": [
                4,
                6,
                7,
                10,
                13
            ]
        }
    },
    {
        "model": "api.workout",
        "pk": 35,
        "fields": {
            "name": "Shoulder Day",
            "description": "Push!",
            "active": false,
            "shared": true,
            "consistsOf": [
                2,
                5
            ]
        }
    },
    {
        "model": "api.workout",
        "pk": 36,
        "fields": {
            "name": "Shoulder Day",
            "description": "Push!",
            "active": false,
            "shared": true,
            "consistsOf": [
                2,
                3,
                5,
                11,
                14
            ]
        }
    },
    {
        "model": "api.workout",
        "pk": 37,
        "fields": {
            "name": "Shoulder Day",
            "description": "Push!",
            "active": true,
            "shared": true,
            "consistsOf": [
                3,
                11,
                14
            ]
        }
    },
    {
        "model": "api.workout",
        "pk": 38,
        "fields": {
            "name": "Cardio Madness",
            "description": "Run!",
            "active": true,
            "shared": true,
            "consistsOf": [
                1,
                2,
                9
            ]
        }
    },
    {
        "model": "api.workout",
        "pk": 39,
        "fields": {
            "name": "Killer Arms",
            "description": "Curls 4 da gurls",
            "active": true,
            "shared": true,
            "consistsOf": [
                4,
                6,
                7,
                10,
                13
            ]
        }
    },
    {
        "model": "api.workout",
        "pk": 40,
        "fields": {
            "name": "",
            "description": "",
            "active": false,
            "shared": true,
            "consistsOf": [
                4,
                6,
                7,
                15
            ]
        }
    },
    {
        "model": "api.workout",
        "pk": 41,
        "fields": {
            "name": "Bicep Day",
            "description": "Curls!",
            "active": true,
            "shared": true,
            "consistsOf": [
                3,
                4,
                6
            ]
        }
    },
    {
        "model": "api.workout",
        "pk": 42,
        "fields": {
            "name": "ABC",
            "description": "123",
            "active": false,
            "shared": true,
            "consistsOf": [
                4,
                6,
                7,
                8
            ]
        }
    },
    {
        "model": "api.workout",
        "pk": 43,
        "fields": {
            "name": "Workout 1",
            "description": "123",
            "active": false,
            "shared": true,
            "consistsOf": [
                5,
                6,
                8,
                9,
                10,
                14
            ]
        }
    },
    {
        "model": "api.workout",
        "pk": 44,
        "fields": {
            "name": "Workout 1",
            "description": "123",
            "active": false,
            "shared": true,
            "consistsOf": [
                6,
                8,
                9,
                10,
                14
            ]
        }
    },
    {
        "model": "api.workout",
        "pk": 45,
        "fields": {
            "name": "Steel Core",
            "description": "Gogogo",
            "active": true,
            "shared": false,
            "consistsOf": [
                3,
                11,
                14
            ]
        }
    },
    {
        "model": "api.workout",
        "pk": 46,
        "fields": {
            "name": "Elins Arm Day",
            "description": "Pump!",
            "active": true,
            "shared": false,
            "consistsOf": [
                4,
                6,
                7
            ]
        }
    },
    {
        "model": "api.workout",
        "pk": 47,
        "fields": {
            "name": "Elins Leg Day",
            "description": "Every wednesday",
            "active": true,
            "shared": false,
            "consistsOf": [
                9,
                10
            ]
        }
    },
    {
        "model": "api.workout",
        "pk": 48,
        "fields": {
            "name": "Elins Fullbody",
            "description": "Hulk Smash",
            "active": true,
            "shared": false,
            "consistsOf": [
                3,
                4,
                5,
                8,
                9,
                11,
                12,
                15
            ]
        }
    },
    {
        "model": "api.workout",
        "pk": 49,
        "fields": {
            "name": "Elins Disco",
            "description": "1234",
            "active": true,
            "shared": false,
            "consistsOf": [
                3,
                4,
                6,
                11,
                12
            ]
        }
    },
    {
        "model": "api.workout",
        "pk": 50,
        "fields": {
            "name": "Elins Fun Day",
            "description": "pewpew",
            "active": true,
            "shared": false,
            "consistsOf": [
                5,
                15
            ]
        }
    },
    {
        "model": "api.workout",
        "pk": 51,
        "fields": {
            "name": "test",
            "description": "test123",
            "active": true,
            "shared": false,
            "consistsOf": [
                4,
                6
            ]
        }
    },
    {
        "model": "api.workout",
        "pk": 52,
        "fields": {
            "name": "Cardio Madness",
            "description": "Run!",
            "active": true,
            "shared": false,
            "consistsOf": [
                1,
                2,
                9
            ]
        }
    },
    {
        "model": "api.workout",
        "pk": 53,
        "fields": {
            "name": "Big Disco",
            "description": "Very workout",
            "active": true,
            "shared": false,
            "consistsOf": [
                3,
                6,
                7,
                11,
                14
            ]
        }
    },
    {
        "model": "api.workout",
        "pk": 54,
        "fields": {
            "name": "Big Bicep",
            "description": "All curls no joy ",
            "active": true,
            "shared": true,
            "consistsOf": [
                4,
                6,
                7
            ]
        }
    },
    {
        "model": "api.workout",
        "pk": 55,
        "fields": {
            "name": "Elins Leg Day",
            "description": "Every wednesday",
            "active": true,
            "shared": false,
            "consistsOf": [
                9,
                10
            ]
        }
    },
    {
        "model": "api.workout",
        "pk": 56,
        "fields": {
            "name": "Elins Leg Day",
            "description": "Every wednesday",
            "active": false,
            "shared": false,
            "consistsOf": [
                9,
                10
            ]
        }
    },
    {
        "model": "api.workout",
        "pk": 57,
        "fields": {
            "name": "Elins Leg Day",
            "description": "Every wednesday",
            "active": true,
            "shared": false,
            "consistsOf": [
                10
            ]
        }
    },
    {
        "model": "api.workout",
        "pk": 58,
        "fields": {
            "name": "Federicos O(1) Workout",
            "description": "Linear progression",
            "active": true,
            "shared": false,
            "consistsOf": [
                16,
                17
            ]
        }
    },
    {
        "model": "api.workout",
        "pk": 59,
        "fields": {
            "name": "Federicos big workout on mondays",
            "description": "only mondays",
            "active": false,
            "shared": false,
            "consistsOf": [
                14
            ]
        }
    },
    {
        "model": "api.workout",
        "pk": 60,
        "fields": {
            "name": "Federicos big workout on mondays",
            "description": "only mondays",
            "active": true,
            "shared": false,
            "consistsOf": [
                14,
                29
            ]
        }
    },
    {
        "model": "api.user",
        "pk": 21,
        "fields": {
            "fname": "Admin",
            "lname": "Admin",
            "email": "admin@mail.com",
            "pwhash": "11b5a52396da418e6f9af66ebe66cfcde12b21a7b3cf9788fd49d2c022b2bfd7",
            "salt": "gyjzzOzlup",
            "roleid": 4,
            "created": "2021-10-14T07:51:29.457Z",
            "isVisible": true,
            "hasWorkouts": []
        }
    },
    {
        "model": "api.user",
        "pk": 22,
        "fields": {
            "fname": "Jonas",
            "lname": "Karlsson",
            "email": "jonas@mail.com",
            "pwhash": "31bc05d1874dadb3b626ef9dec418145d50930aa1853dbc16ee44a40f35f90c8",
            "salt": "TDxXmRNwEi",
            "roleid": 1,
            "created": "2021-10-14T07:53:13.285Z",
            "isVisible": true,
            "hasWorkouts": []
        }
    },
    {
        "model": "api.user",
        "pk": 23,
        "fields": {
            "fname": "Han",
            "lname": "Fan",
            "email": "han@mail.com",
            "pwhash": "02048f8b1182e620384f395a60492aa26600790751e78f44f18380376c4c08a4",
            "salt": "dSCEXfIIuh",
            "roleid": 2,
            "created": "2021-10-14T07:54:57.751Z",
            "isVisible": true,
            "hasWorkouts": []
        }
    },
    {
        "model": "api.user",
        "pk": 24,
        "fields": {
            "fname": "Mohamadreza",
            "lname": "Faridghasemnia",
            "email": "mohamadreza@mail.com",
            "pwhash": "aac7e9282cb10a7970e3e16d62314d368a3c23d65e42aa3f88404f83328c27a7",
            "salt": "aHBACJeoBL",
            "roleid": 2,
            "created": "2021-10-14T07:55:32.681Z",
            "isVisible": true,
            "hasWorkouts": []
        }
    },
    {
        "model": "api.user",
        "pk": 25,
        "fields": {
            "fname": "Jasmin",
            "lname": "Grosinger",
            "email": "jasmin@mail.com",
            "pwhash": "042904a001fd36a8fa6f402cedfd208306840a0e912e59c54f7e60e5141f5288",
            "salt": "AOWOsbaUvD",
            "roleid": 2,
            "created": "2021-10-14T07:56:18.349Z",
            "isVisible": true,
            "hasWorkouts": []
        }
    },
    {
        "model": "api.user",
        "pk": 26,
        "fields": {
            "fname": "Lars",
            "lname": "Karlsson",
            "email": "lars@mail.com",
            "pwhash": "34680d4a8f46a92a0595fcd13f238fe115547a9cbe019de539ca1e2b2d6278dc",
            "salt": "joaWsJYYku",
            "roleid": 3,
            "created": "2021-10-14T07:57:02.938Z",
            "isVisible": true,
            "hasWorkouts": []
        }
    },
    {
        "model": "api.user",
        "pk": 27,
        "fields": {
            "fname": "Andrey",
            "lname": "Kiselev",
            "email": "andrey@mail.com",
            "pwhash": "1a713cee07fbc27c53a852d29a60592e0bf521328017ddb1582d6d2cbad27b79",
            "salt": "lLSeEsqsav",
            "roleid": 3,
            "created": "2021-10-14T07:57:28.308Z",
            "isVisible": true,
            "hasWorkouts": []
        }
    },
    {
        "model": "api.user",
        "pk": 28,
        "fields": {
            "fname": "Franziska",
            "lname": "Klugl",
            "email": "franziska@mail.com",
            "pwhash": "a7803a9ab75fefdd376ce25982f24d462e9d26507a99f7075625f9dbc1ea63f8",
            "salt": "frQHBVRBcn",
            "roleid": 3,
            "created": "2021-10-14T07:57:49.504Z",
            "isVisible": true,
            "hasWorkouts": []
        }
    },
    {
        "model": "api.user",
        "pk": 29,
        "fields": {
            "fname": "Amy",
            "lname": "Loutfi",
            "email": "amy@mail.com",
            "pwhash": "bcaab97e9d210516e4d0bfbb397c3481af93519be0484027a6f2a6554d0f30e4",
            "salt": "JmlKleEtku",
            "roleid": 3,
            "created": "2021-10-14T08:00:57.036Z",
            "isVisible": true,
            "hasWorkouts": []
        }
    },
    {
        "model": "api.user",
        "pk": 30,
        "fields": {
            "fname": "Oscar",
            "lname": "Martinez Mozos",
            "email": "oscar@mail.com",
            "pwhash": "a0d62d4a335e1a5b08358d128379ebfd142acfe49754132da415ce9b133ba597",
            "salt": "VkWvHRLjtz",
            "roleid": 2,
            "created": "2021-10-14T08:01:49.321Z",
            "isVisible": true,
            "hasWorkouts": []
        }
    },
    {
        "model": "api.user",
        "pk": 31,
        "fields": {
            "fname": "Farhang",
            "lname": "Nemati",
            "email": "farhang@mail.com",
            "pwhash": "45dd432759e996ade20c2145ae7c26b31d9fe8d3aae002db938ae0f9d0df7b7e",
            "salt": "qOGvqXtqOK",
            "roleid": 3,
            "created": "2021-10-14T08:02:11.836Z",
            "isVisible": true,
            "hasWorkouts": []
        }
    },
    {
        "model": "api.user",
        "pk": 32,
        "fields": {
            "fname": "Federico",
            "lname": "Pecora",
            "email": "federico@mail.com",
            "pwhash": "4476f1a8f38be4de8d59af851a5204910824938e3b6d6aa9c718eb6feec4fc70",
            "salt": "VdKWfqvyop",
            "roleid": 2,
            "created": "2021-10-14T08:03:08.261Z",
            "isVisible": true,
            "hasWorkouts": [
                58,
                59,
                60
            ]
        }
    },
    {
        "model": "api.user",
        "pk": 33,
        "fields": {
            "fname": "Andre",
            "lname": "Potenza",
            "email": "andre@mail.com",
            "pwhash": "8e7fb4eddd76b400f773fc1ffe1f1e7f1d90ebd0530a7e682abad56381011fdc",
            "salt": "NAyqyHshWG",
            "roleid": 2,
            "created": "2021-10-14T08:03:50.768Z",
            "isVisible": true,
            "hasWorkouts": []
        }
    },
    {
        "model": "api.user",
        "pk": 34,
        "fields": {
            "fname": "Pascal",
            "lname": "Rebreyend",
            "email": "pascal@mail.com",
            "pwhash": "38211e2c852ced5a55a53378d7ab6885cc7b13054f49fa3beafd055b85f8c754",
            "salt": "sqGLZTDgCm",
            "roleid": 2,
            "created": "2021-10-14T08:04:16.034Z",
            "isVisible": true,
            "hasWorkouts": []
        }
    },
    {
        "model": "api.user",
        "pk": 35,
        "fields": {
            "fname": "Jennifer",
            "lname": "Renoux",
            "email": "jennifer@mail.com",
            "pwhash": "6714e8bdc4776233b8da7764cc3d02e7b951e6b684a712b8af2b936ef0ce824f",
            "salt": "InrBMuuacY",
            "roleid": 2,
            "created": "2021-10-14T08:04:35.988Z",
            "isVisible": true,
            "hasWorkouts": []
        }
    },
    {
        "model": "api.user",
        "pk": 36,
        "fields": {
            "fname": "Alessandro",
            "lname": "Saffiotti",
            "email": "alessandro@mail.com",
            "pwhash": "97854ae03e97bbcf35137174e188b4c0bfdc84eb8b4ca96e814af0eb75925fec",
            "salt": "GpqdUfAHRB",
            "roleid": 2,
            "created": "2021-10-14T08:05:02.209Z",
            "isVisible": true,
            "hasWorkouts": []
        }
    },
    {
        "model": "api.user",
        "pk": 37,
        "fields": {
            "fname": "Joao",
            "lname": "Salvado",
            "email": "joao@mail.com",
            "pwhash": "e4883783e5c1e71b7c1735ab824abf7bb3b6420d5be44bfce9c2493c3c206318",
            "salt": "JhmphaRNNr",
            "roleid": 2,
            "created": "2021-10-14T08:05:29.906Z",
            "isVisible": true,
            "hasWorkouts": []
        }
    },
    {
        "model": "api.user",
        "pk": 38,
        "fields": {
            "fname": "Todor",
            "lname": "Stoyanov",
            "email": "todor@mail.com",
            "pwhash": "680f6b66ea131fa3502d377a7c7a7657b0b03f5c141508e9fb359a755d3568a6",
            "salt": "TXeXbzpKbP",
            "roleid": 2,
            "created": "2021-10-14T08:05:58.232Z",
            "isVisible": true,
            "hasWorkouts": []
        }
    },
    {
        "model": "api.user",
        "pk": 39,
        "fields": {
            "fname": "Yuxuan",
            "lname": "Yang",
            "email": "yuxuan@mail.com",
            "pwhash": "939a28b8a4c978c7ce2afb2abdace0a5e1f8d1421191a90ddee1931d8c00adf7",
            "salt": "TQDoCPOHSZ",
            "roleid": 2,
            "created": "2021-10-14T08:06:50.985Z",
            "isVisible": true,
            "hasWorkouts": []
        }
    },
    {
        "model": "api.scheduledworkout",
        "pk": 538,
        "fields": {
            "user": 24,
            "workout": 39,
            "scheduledDate": "2021-10-13T00:00:00Z"
        }
    },
    {
        "model": "api.scheduledworkout",
        "pk": 539,
        "fields": {
            "user": 24,
            "workout": 39,
            "scheduledDate": "2021-10-22T00:00:00Z"
        }
    },
    {
        "model": "api.scheduledworkout",
        "pk": 540,
        "fields": {
            "user": 24,
            "workout": 39,
            "scheduledDate": "2021-10-29T00:00:00Z"
        }
    },
    {
        "model": "api.scheduledworkout",
        "pk": 541,
        "fields": {
            "user": 24,
            "workout": 39,
            "scheduledDate": "2021-11-05T00:00:00Z"
        }
    },
    {
        "model": "api.scheduledworkout",
        "pk": 542,
        "fields": {
            "user": 24,
            "workout": 39,
            "scheduledDate": "2021-11-12T00:00:00Z"
        }
    },
    {
        "model": "api.scheduledworkout",
        "pk": 543,
        "fields": {
            "user": 24,
            "workout": 39,
            "scheduledDate": "2021-11-19T00:00:00Z"
        }
    },
    {
        "model": "api.scheduledworkout",
        "pk": 544,
        "fields": {
            "user": 24,
            "workout": 39,
            "scheduledDate": "2021-11-26T00:00:00Z"
        }
    },
    {
        "model": "api.scheduledworkout",
        "pk": 545,
        "fields": {
            "user": 24,
            "workout": 39,
            "scheduledDate": "2021-12-03T00:00:00Z"
        }
    },
    {
        "model": "api.scheduledworkout",
        "pk": 546,
        "fields": {
            "user": 24,
            "workout": 39,
            "scheduledDate": "2021-12-10T00:00:00Z"
        }
    },
    {
        "model": "api.scheduledworkout",
        "pk": 547,
        "fields": {
            "user": 24,
            "workout": 39,
            "scheduledDate": "2021-12-17T00:00:00Z"
        }
    },
    {
        "model": "api.scheduledworkout",
        "pk": 548,
        "fields": {
            "user": 24,
            "workout": 39,
            "scheduledDate": "2021-12-24T00:00:00Z"
        }
    },
    {
        "model": "api.scheduledworkout",
        "pk": 549,
        "fields": {
            "user": 24,
            "workout": 39,
            "scheduledDate": "2021-12-31T00:00:00Z"
        }
    },
    {
        "model": "api.scheduledworkout",
        "pk": 550,
        "fields": {
            "user": 24,
            "workout": 39,
            "scheduledDate": "2022-01-07T00:00:00Z"
        }
    },
    {
        "model": "api.scheduledworkout",
        "pk": 551,
        "fields": {
            "user": 24,
            "workout": 39,
            "scheduledDate": "2022-01-14T00:00:00Z"
        }
    },
    {
        "model": "api.scheduledworkout",
        "pk": 552,
        "fields": {
            "user": 24,
            "workout": 39,
            "scheduledDate": "2022-01-21T00:00:00Z"
        }
    },
    {
        "model": "api.scheduledworkout",
        "pk": 553,
        "fields": {
            "user": 24,
            "workout": 39,
            "scheduledDate": "2022-01-28T00:00:00Z"
        }
    },
    {
        "model": "api.scheduledworkout",
        "pk": 554,
        "fields": {
            "user": 24,
            "workout": 39,
            "scheduledDate": "2022-02-04T00:00:00Z"
        }
    },
    {
        "model": "api.scheduledworkout",
        "pk": 555,
        "fields": {
            "user": 24,
            "workout": 39,
            "scheduledDate": "2022-02-11T00:00:00Z"
        }
    },
    {
        "model": "api.scheduledworkout",
        "pk": 556,
        "fields": {
            "user": 24,
            "workout": 39,
            "scheduledDate": "2022-02-18T00:00:00Z"
        }
    },
    {
        "model": "api.scheduledworkout",
        "pk": 557,
        "fields": {
            "user": 24,
            "workout": 39,
            "scheduledDate": "2022-02-25T00:00:00Z"
        }
    },
    {
        "model": "api.scheduledworkout",
        "pk": 558,
        "fields": {
            "user": 24,
            "workout": 39,
            "scheduledDate": "2022-03-04T00:00:00Z"
        }
    },
    {
        "model": "api.scheduledworkout",
        "pk": 559,
        "fields": {
            "user": 24,
            "workout": 39,
            "scheduledDate": "2022-03-11T00:00:00Z"
        }
    },
    {
        "model": "api.scheduledworkout",
        "pk": 560,
        "fields": {
            "user": 24,
            "workout": 39,
            "scheduledDate": "2022-03-18T00:00:00Z"
        }
    },
    {
        "model": "api.scheduledworkout",
        "pk": 561,
        "fields": {
            "user": 24,
            "workout": 39,
            "scheduledDate": "2022-03-25T00:00:00Z"
        }
    },
    {
        "model": "api.scheduledworkout",
        "pk": 562,
        "fields": {
            "user": 24,
            "workout": 39,
            "scheduledDate": "2022-04-01T00:00:00Z"
        }
    },
    {
        "model": "api.scheduledworkout",
        "pk": 563,
        "fields": {
            "user": 24,
            "workout": 39,
            "scheduledDate": "2022-04-08T00:00:00Z"
        }
    },
    {
        "model": "api.scheduledworkout",
        "pk": 564,
        "fields": {
            "user": 24,
            "workout": 39,
            "scheduledDate": "2022-04-15T00:00:00Z"
        }
    },
    {
        "model": "api.scheduledworkout",
        "pk": 565,
        "fields": {
            "user": 24,
            "workout": 39,
            "scheduledDate": "2022-04-22T00:00:00Z"
        }
    },
    {
        "model": "api.scheduledworkout",
        "pk": 566,
        "fields": {
            "user": 24,
            "workout": 39,
            "scheduledDate": "2022-04-29T00:00:00Z"
        }
    },
    {
        "model": "api.scheduledworkout",
        "pk": 567,
        "fields": {
            "user": 24,
            "workout": 39,
            "scheduledDate": "2022-05-06T00:00:00Z"
        }
    },
    {
        "model": "api.scheduledworkout",
        "pk": 568,
        "fields": {
            "user": 24,
            "workout": 39,
            "scheduledDate": "2022-05-13T00:00:00Z"
        }
    },
    {
        "model": "api.scheduledworkout",
        "pk": 569,
        "fields": {
            "user": 24,
            "workout": 39,
            "scheduledDate": "2022-05-20T00:00:00Z"
        }
    },
    {
        "model": "api.scheduledworkout",
        "pk": 570,
        "fields": {
            "user": 24,
            "workout": 39,
            "scheduledDate": "2022-05-27T00:00:00Z"
        }
    },
    {
        "model": "api.scheduledworkout",
        "pk": 571,
        "fields": {
            "user": 24,
            "workout": 39,
            "scheduledDate": "2022-06-03T00:00:00Z"
        }
    },
    {
        "model": "api.scheduledworkout",
        "pk": 572,
        "fields": {
            "user": 24,
            "workout": 39,
            "scheduledDate": "2022-06-10T00:00:00Z"
        }
    },
    {
        "model": "api.scheduledworkout",
        "pk": 573,
        "fields": {
            "user": 24,
            "workout": 39,
            "scheduledDate": "2022-06-17T00:00:00Z"
        }
    },
    {
        "model": "api.scheduledworkout",
        "pk": 574,
        "fields": {
            "user": 24,
            "workout": 39,
            "scheduledDate": "2022-06-24T00:00:00Z"
        }
    },
    {
        "model": "api.scheduledworkout",
        "pk": 575,
        "fields": {
            "user": 24,
            "workout": 39,
            "scheduledDate": "2021-10-14T10:16:58.825Z"
        }
    },
    {
        "model": "api.scheduledworkout",
        "pk": 576,
        "fields": {
            "user": 39,
            "workout": 25,
            "scheduledDate": "2021-10-14T00:00:00Z"
        }
    },
    {
        "model": "api.scheduledworkout",
        "pk": 577,
        "fields": {
            "user": 39,
            "workout": 25,
            "scheduledDate": "2021-10-21T00:00:00Z"
        }
    },
    {
        "model": "api.scheduledworkout",
        "pk": 578,
        "fields": {
            "user": 39,
            "workout": 25,
            "scheduledDate": "2021-10-28T00:00:00Z"
        }
    },
    {
        "model": "api.scheduledworkout",
        "pk": 579,
        "fields": {
            "user": 32,
            "workout": 2,
            "scheduledDate": "2021-10-15T00:00:00Z"
        }
    },
    {
        "model": "api.scheduledworkout",
        "pk": 580,
        "fields": {
            "user": 32,
            "workout": 2,
            "scheduledDate": "2021-10-22T00:00:00Z"
        }
    },
    {
        "model": "api.scheduledworkout",
        "pk": 581,
        "fields": {
            "user": 32,
            "workout": 2,
            "scheduledDate": "2021-10-29T00:00:00Z"
        }
    },
    {
        "model": "api.scheduledworkout",
        "pk": 582,
        "fields": {
            "user": 32,
            "workout": 2,
            "scheduledDate": "2021-11-12T00:00:00Z"
        }
    },
    {
        "model": "api.scheduledworkout",
        "pk": 583,
        "fields": {
            "user": 32,
            "workout": 2,
            "scheduledDate": "2021-11-19T00:00:00Z"
        }
    },
    {
        "model": "api.scheduledworkout",
        "pk": 584,
        "fields": {
            "user": 32,
            "workout": 2,
            "scheduledDate": "2021-11-26T00:00:00Z"
        }
    },
    {
        "model": "api.scheduledworkout",
        "pk": 585,
        "fields": {
            "user": 32,
            "workout": 2,
            "scheduledDate": "2021-12-10T00:00:00Z"
        }
    },
    {
        "model": "api.scheduledworkout",
        "pk": 586,
        "fields": {
            "user": 32,
            "workout": 2,
            "scheduledDate": "2021-12-17T00:00:00Z"
        }
    },
    {
        "model": "api.scheduledworkout",
        "pk": 587,
        "fields": {
            "user": 32,
            "workout": 2,
            "scheduledDate": "2021-12-24T00:00:00Z"
        }
    },
    {
        "model": "api.scheduledworkout",
        "pk": 588,
        "fields": {
            "user": 32,
            "workout": 2,
            "scheduledDate": "2022-01-07T00:00:00Z"
        }
    },
    {
        "model": "api.scheduledworkout",
        "pk": 589,
        "fields": {
            "user": 32,
            "workout": 2,
            "scheduledDate": "2022-01-14T00:00:00Z"
        }
    },
    {
        "model": "api.scheduledworkout",
        "pk": 590,
        "fields": {
            "user": 32,
            "workout": 2,
            "scheduledDate": "2022-01-21T00:00:00Z"
        }
    },
    {
        "model": "api.scheduledworkout",
        "pk": 591,
        "fields": {
            "user": 32,
            "workout": 2,
            "scheduledDate": "2022-02-04T00:00:00Z"
        }
    },
    {
        "model": "api.scheduledworkout",
        "pk": 592,
        "fields": {
            "user": 32,
            "workout": 2,
            "scheduledDate": "2022-02-11T00:00:00Z"
        }
    },
    {
        "model": "api.scheduledworkout",
        "pk": 593,
        "fields": {
            "user": 32,
            "workout": 2,
            "scheduledDate": "2022-02-18T00:00:00Z"
        }
    },
    {
        "model": "api.scheduledworkout",
        "pk": 594,
        "fields": {
            "user": 32,
            "workout": 2,
            "scheduledDate": "2022-03-04T00:00:00Z"
        }
    },
    {
        "model": "api.scheduledworkout",
        "pk": 595,
        "fields": {
            "user": 32,
            "workout": 2,
            "scheduledDate": "2022-03-11T00:00:00Z"
        }
    },
    {
        "model": "api.scheduledworkout",
        "pk": 596,
        "fields": {
            "user": 32,
            "workout": 2,
            "scheduledDate": "2022-03-18T00:00:00Z"
        }
    },
    {
        "model": "api.scheduledworkout",
        "pk": 597,
        "fields": {
            "user": 32,
            "workout": 2,
            "scheduledDate": "2022-04-01T00:00:00Z"
        }
    },
    {
        "model": "api.scheduledworkout",
        "pk": 598,
        "fields": {
            "user": 32,
            "workout": 2,
            "scheduledDate": "2022-04-08T00:00:00Z"
        }
    },
    {
        "model": "api.scheduledworkout",
        "pk": 599,
        "fields": {
            "user": 32,
            "workout": 2,
            "scheduledDate": "2022-04-15T00:00:00Z"
        }
    },
    {
        "model": "api.scheduledworkout",
        "pk": 600,
        "fields": {
            "user": 32,
            "workout": 2,
            "scheduledDate": "2022-04-29T00:00:00Z"
        }
    },
    {
        "model": "api.scheduledworkout",
        "pk": 601,
        "fields": {
            "user": 32,
            "workout": 2,
            "scheduledDate": "2022-05-06T00:00:00Z"
        }
    },
    {
        "model": "api.scheduledworkout",
        "pk": 602,
        "fields": {
            "user": 32,
            "workout": 2,
            "scheduledDate": "2022-05-13T00:00:00Z"
        }
    },
    {
        "model": "api.scheduledworkout",
        "pk": 603,
        "fields": {
            "user": 32,
            "workout": 2,
            "scheduledDate": "2022-05-27T00:00:00Z"
        }
    },
    {
        "model": "api.scheduledworkout",
        "pk": 604,
        "fields": {
            "user": 32,
            "workout": 2,
            "scheduledDate": "2022-06-03T00:00:00Z"
        }
    },
    {
        "model": "api.scheduledworkout",
        "pk": 605,
        "fields": {
            "user": 32,
            "workout": 2,
            "scheduledDate": "2022-06-10T00:00:00Z"
        }
    },
    {
        "model": "api.scheduledworkout",
        "pk": 606,
        "fields": {
            "user": 32,
            "workout": 2,
            "scheduledDate": "2022-06-24T00:00:00Z"
        }
    },
    {
        "model": "api.scheduledworkout",
        "pk": 607,
        "fields": {
            "user": 32,
            "workout": 2,
            "scheduledDate": "2022-07-01T00:00:00Z"
        }
    },
    {
        "model": "api.scheduledworkout",
        "pk": 608,
        "fields": {
            "user": 32,
            "workout": 2,
            "scheduledDate": "2022-07-08T00:00:00Z"
        }
    },
    {
        "model": "api.scheduledworkout",
        "pk": 609,
        "fields": {
            "user": 32,
            "workout": 2,
            "scheduledDate": "2022-07-22T00:00:00Z"
        }
    },
    {
        "model": "api.scheduledworkout",
        "pk": 610,
        "fields": {
            "user": 32,
            "workout": 59,
            "scheduledDate": "2021-10-18T00:00:00Z"
        }
    },
    {
        "model": "api.scheduledworkout",
        "pk": 611,
        "fields": {
            "user": 32,
            "workout": 59,
            "scheduledDate": "2021-10-25T00:00:00Z"
        }
    },
    {
        "model": "api.scheduledworkout",
        "pk": 612,
        "fields": {
            "user": 32,
            "workout": 59,
            "scheduledDate": "2021-11-01T00:00:00Z"
        }
    },
    {
        "model": "api.scheduledworkout",
        "pk": 613,
        "fields": {
            "user": 32,
            "workout": 59,
            "scheduledDate": "2021-11-08T00:00:00Z"
        }
    },
    {
        "model": "api.scheduledworkout",
        "pk": 614,
        "fields": {
            "user": 32,
            "workout": 59,
            "scheduledDate": "2021-11-15T00:00:00Z"
        }
    },
    {
        "model": "api.scheduledworkout",
        "pk": 615,
        "fields": {
            "user": 32,
            "workout": 59,
            "scheduledDate": "2021-11-22T00:00:00Z"
        }
    },
    {
        "model": "api.scheduledworkout",
        "pk": 616,
        "fields": {
            "user": 32,
            "workout": 59,
            "scheduledDate": "2021-11-29T00:00:00Z"
        }
    },
    {
        "model": "api.scheduledworkout",
        "pk": 617,
        "fields": {
            "user": 32,
            "workout": 59,
            "scheduledDate": "2021-12-06T00:00:00Z"
        }
    },
    {
        "model": "api.scheduledworkout",
        "pk": 618,
        "fields": {
            "user": 32,
            "workout": 59,
            "scheduledDate": "2021-12-13T00:00:00Z"
        }
    },
    {
        "model": "api.scheduledworkout",
        "pk": 619,
        "fields": {
            "user": 32,
            "workout": 59,
            "scheduledDate": "2021-12-20T00:00:00Z"
        }
    },
    {
        "model": "api.scheduledworkout",
        "pk": 620,
        "fields": {
            "user": 32,
            "workout": 59,
            "scheduledDate": "2021-12-27T00:00:00Z"
        }
    },
    {
        "model": "api.scheduledworkout",
        "pk": 621,
        "fields": {
            "user": 32,
            "workout": 59,
            "scheduledDate": "2022-01-03T00:00:00Z"
        }
    },
    {
        "model": "api.scheduledworkout",
        "pk": 622,
        "fields": {
            "user": 32,
            "workout": 59,
            "scheduledDate": "2022-01-10T00:00:00Z"
        }
    },
    {
        "model": "api.scheduledworkout",
        "pk": 623,
        "fields": {
            "user": 32,
            "workout": 59,
            "scheduledDate": "2022-01-17T00:00:00Z"
        }
    },
    {
        "model": "api.scheduledworkout",
        "pk": 624,
        "fields": {
            "user": 32,
            "workout": 59,
            "scheduledDate": "2022-01-24T00:00:00Z"
        }
    },
    {
        "model": "api.scheduledworkout",
        "pk": 625,
        "fields": {
            "user": 32,
            "workout": 59,
            "scheduledDate": "2022-01-31T00:00:00Z"
        }
    },
    {
        "model": "api.scheduledworkout",
        "pk": 626,
        "fields": {
            "user": 32,
            "workout": 59,
            "scheduledDate": "2022-02-07T00:00:00Z"
        }
    },
    {
        "model": "api.scheduledworkout",
        "pk": 627,
        "fields": {
            "user": 32,
            "workout": 59,
            "scheduledDate": "2022-02-14T00:00:00Z"
        }
    },
    {
        "model": "api.scheduledworkout",
        "pk": 628,
        "fields": {
            "user": 32,
            "workout": 59,
            "scheduledDate": "2022-02-21T00:00:00Z"
        }
    },
    {
        "model": "api.scheduledworkout",
        "pk": 629,
        "fields": {
            "user": 32,
            "workout": 59,
            "scheduledDate": "2022-02-28T00:00:00Z"
        }
    },
    {
        "model": "api.scheduledworkout",
        "pk": 630,
        "fields": {
            "user": 32,
            "workout": 59,
            "scheduledDate": "2022-03-07T00:00:00Z"
        }
    },
    {
        "model": "api.scheduledworkout",
        "pk": 631,
        "fields": {
            "user": 32,
            "workout": 59,
            "scheduledDate": "2022-03-14T00:00:00Z"
        }
    },
    {
        "model": "api.scheduledworkout",
        "pk": 632,
        "fields": {
            "user": 32,
            "workout": 59,
            "scheduledDate": "2022-03-21T00:00:00Z"
        }
    },
    {
        "model": "api.scheduledworkout",
        "pk": 633,
        "fields": {
            "user": 32,
            "workout": 59,
            "scheduledDate": "2022-03-28T00:00:00Z"
        }
    },
    {
        "model": "api.scheduledworkout",
        "pk": 634,
        "fields": {
            "user": 32,
            "workout": 59,
            "scheduledDate": "2022-04-04T00:00:00Z"
        }
    },
    {
        "model": "api.scheduledworkout",
        "pk": 635,
        "fields": {
            "user": 32,
            "workout": 59,
            "scheduledDate": "2022-04-11T00:00:00Z"
        }
    },
    {
        "model": "api.scheduledworkout",
        "pk": 636,
        "fields": {
            "user": 32,
            "workout": 59,
            "scheduledDate": "2022-04-18T00:00:00Z"
        }
    },
    {
        "model": "api.log",
        "pk": 118,
        "fields": {
            "sets": 1,
            "reps": 10,
            "weight": 12,
            "time": "00:00:00",
            "scheduledWorkout": 575,
            "exercise": 4
        }
    },
    {
        "model": "api.log",
        "pk": 119,
        "fields": {
            "sets": 2,
            "reps": 11,
            "weight": 12,
            "time": "00:00:00",
            "scheduledWorkout": 575,
            "exercise": 4
        }
    },
    {
        "model": "api.log",
        "pk": 120,
        "fields": {
            "sets": 3,
            "reps": 9,
            "weight": 12,
            "time": "00:00:00",
            "scheduledWorkout": 575,
            "exercise": 4
        }
    },
    {
        "model": "api.log",
        "pk": 121,
        "fields": {
            "sets": 1,
            "reps": 11,
            "weight": 12,
            "time": "00:00:00",
            "scheduledWorkout": 575,
            "exercise": 6
        }
    },
    {
        "model": "api.log",
        "pk": 122,
        "fields": {
            "sets": 2,
            "reps": 11,
            "weight": 50,
            "time": "00:00:00",
            "scheduledWorkout": 575,
            "exercise": 6
        }
    },
    {
        "model": "api.log",
        "pk": 123,
        "fields": {
            "sets": 1,
            "reps": 6,
            "weight": 0,
            "time": "00:00:00",
            "scheduledWorkout": 575,
            "exercise": 7
        }
    },
    {
        "model": "api.log",
        "pk": 124,
        "fields": {
            "sets": 1,
            "reps": 8,
            "weight": 150,
            "time": "00:00:00",
            "scheduledWorkout": 575,
            "exercise": 10
        }
    },
    {
        "model": "api.log",
        "pk": 125,
        "fields": {
            "sets": 1,
            "reps": 6,
            "weight": 25,
            "time": "00:00:00",
            "scheduledWorkout": 575,
            "exercise": 13
        }
    },
    {
        "model": "api.log",
        "pk": 126,
        "fields": {
            "sets": 1,
            "reps": 3,
            "weight": 50,
            "time": "00:00:00",
            "scheduledWorkout": 575,
            "exercise": 13
        }
    },
    {
        "model": "api.log",
        "pk": 127,
        "fields": {
            "sets": 1,
            "reps": 1,
            "weight": 0,
            "time": "03:00:00",
            "scheduledWorkout": 576,
            "exercise": 1
        }
    },
    {
        "model": "api.log",
        "pk": 128,
        "fields": {
            "sets": 1,
            "reps": 1,
            "weight": 0,
            "time": "03:00:00",
            "scheduledWorkout": 576,
            "exercise": 2
        }
    },
    {
        "model": "api.log",
        "pk": 129,
        "fields": {
            "sets": 1,
            "reps": 10,
            "weight": 10,
            "time": "03:00:00",
            "scheduledWorkout": 576,
            "exercise": 3
        }
    },
    {
        "model": "api.log",
        "pk": 130,
        "fields": {
            "sets": 2,
            "reps": 11,
            "weight": 10,
            "time": "03:00:00",
            "scheduledWorkout": 576,
            "exercise": 3
        }
    },
    {
        "model": "api.log",
        "pk": 131,
        "fields": {
            "sets": 3,
            "reps": 12,
            "weight": 10,
            "time": "03:00:00",
            "scheduledWorkout": 576,
            "exercise": 3
        }
    },
    {
        "model": "api.log",
        "pk": 132,
        "fields": {
            "sets": 1,
            "reps": 12,
            "weight": 15,
            "time": "03:00:00",
            "scheduledWorkout": 576,
            "exercise": 4
        }
    },
    {
        "model": "api.log",
        "pk": 133,
        "fields": {
            "sets": 2,
            "reps": 12,
            "weight": 15,
            "time": "03:00:00",
            "scheduledWorkout": 576,
            "exercise": 4
        }
    },
    {
        "model": "api.log",
        "pk": 134,
        "fields": {
            "sets": 3,
            "reps": 12,
            "weight": 15,
            "time": "03:00:00",
            "scheduledWorkout": 576,
            "exercise": 4
        }
    },
    {
        "model": "api.log",
        "pk": 135,
        "fields": {
            "sets": 1,
            "reps": 8,
            "weight": 45,
            "time": "03:00:00",
            "scheduledWorkout": 576,
            "exercise": 5
        }
    },
    {
        "model": "api.log",
        "pk": 136,
        "fields": {
            "sets": 2,
            "reps": 8,
            "weight": 45,
            "time": "03:00:00",
            "scheduledWorkout": 576,
            "exercise": 5
        }
    },
    {
        "model": "api.log",
        "pk": 137,
        "fields": {
            "sets": 3,
            "reps": 8,
            "weight": 45,
            "time": "03:00:00",
            "scheduledWorkout": 576,
            "exercise": 5
        }
    },
    {
        "model": "api.log",
        "pk": 138,
        "fields": {
            "sets": 1,
            "reps": 5,
            "weight": 75,
            "time": "03:00:00",
            "scheduledWorkout": 576,
            "exercise": 9
        }
    },
    {
        "model": "api.log",
        "pk": 139,
        "fields": {
            "sets": 2,
            "reps": 5,
            "weight": 75,
            "time": "03:00:00",
            "scheduledWorkout": 576,
            "exercise": 9
        }
    },
    {
        "model": "api.log",
        "pk": 140,
        "fields": {
            "sets": 3,
            "reps": 5,
            "weight": 75,
            "time": "03:00:00",
            "scheduledWorkout": 576,
            "exercise": 9
        }
    },
    {
        "model": "api.log",
        "pk": 141,
        "fields": {
            "sets": 4,
            "reps": 5,
            "weight": 75,
            "time": "03:00:00",
            "scheduledWorkout": 576,
            "exercise": 9
        }
    },
    {
        "model": "api.log",
        "pk": 142,
        "fields": {
            "sets": 5,
            "reps": 5,
            "weight": 75,
            "time": "03:00:00",
            "scheduledWorkout": 576,
            "exercise": 9
        }
    },
    {
        "model": "api.log",
        "pk": 143,
        "fields": {
            "sets": 1,
            "reps": 8,
            "weight": 0,
            "time": "00:00:00",
            "scheduledWorkout": 576,
            "exercise": 10
        }
    },
    {
        "model": "api.log",
        "pk": 144,
        "fields": {
            "sets": 2,
            "reps": 8,
            "weight": 0,
            "time": "00:00:00",
            "scheduledWorkout": 576,
            "exercise": 10
        }
    },
    {
        "model": "api.log",
        "pk": 145,
        "fields": {
            "sets": 3,
            "reps": 8,
            "weight": 0,
            "time": "00:00:00",
            "scheduledWorkout": 576,
            "exercise": 10
        }
    },
    {
        "model": "api.log",
        "pk": 146,
        "fields": {
            "sets": 1,
            "reps": 8,
            "weight": 12,
            "time": "00:00:00",
            "scheduledWorkout": 576,
            "exercise": 11
        }
    },
    {
        "model": "api.log",
        "pk": 147,
        "fields": {
            "sets": 2,
            "reps": 8,
            "weight": 12,
            "time": "00:00:00",
            "scheduledWorkout": 576,
            "exercise": 11
        }
    },
    {
        "model": "api.log",
        "pk": 148,
        "fields": {
            "sets": 3,
            "reps": 8,
            "weight": 12,
            "time": "00:00:00",
            "scheduledWorkout": 576,
            "exercise": 11
        }
    },
    {
        "model": "api.log",
        "pk": 149,
        "fields": {
            "sets": 1,
            "reps": 8,
            "weight": 30,
            "time": "00:00:00",
            "scheduledWorkout": 576,
            "exercise": 12
        }
    },
    {
        "model": "api.log",
        "pk": 150,
        "fields": {
            "sets": 2,
            "reps": 8,
            "weight": 30,
            "time": "00:00:00",
            "scheduledWorkout": 576,
            "exercise": 12
        }
    },
    {
        "model": "api.log",
        "pk": 151,
        "fields": {
            "sets": 3,
            "reps": 8,
            "weight": 30,
            "time": "00:00:00",
            "scheduledWorkout": 576,
            "exercise": 12
        }
    },
    {
        "model": "api.log",
        "pk": 152,
        "fields": {
            "sets": 4,
            "reps": 8,
            "weight": 30,
            "time": "00:00:00",
            "scheduledWorkout": 576,
            "exercise": 12
        }
    },
    {
        "model": "api.friends",
        "pk": 14,
        "fields": {
            "user1": 26,
            "user2": 24,
            "verified": true
        }
    },
    {
        "model": "api.coachhasclient",
        "pk": 107,
        "fields": {
            "user": 24,
            "coach": 26
        }
    },
    {
        "model": "api.coachhasclient",
        "pk": 108,
        "fields": {
            "user": 39,
            "coach": 26
        }
    },
    {
        "model": "api.coachhasclient",
        "pk": 109,
        "fields": {
            "user": 23,
            "coach": 27
        }
    },
    {
        "model": "api.coachhasclient",
        "pk": 110,
        "fields": {
            "user": 30,
            "coach": 27
        }
    },
    {
        "model": "api.coachhasclient",
        "pk": 111,
        "fields": {
            "user": 37,
            "coach": 27
        }
    },
    {
        "model": "api.coachhasclient",
        "pk": 112,
        "fields": {
            "user": 25,
            "coach": 27
        }
    },
    {
        "model": "api.coachhasclient",
        "pk": 113,
        "fields": {
            "user": 32,
            "coach": 29
        }
    },
    {
        "model": "api.coachhasclient",
        "pk": 114,
        "fields": {
            "user": 36,
            "coach": 29
        }
    },
    {
        "model": "api.coachhasclient",
        "pk": 115,
        "fields": {
            "user": 34,
            "coach": 29
        }
    }
]